{
    "E": [
        0,
        0.002079467,
        0.0434535,
        0.11267306799999999,
        0.14550571799999998,
        0.142534023,
        0.12289559899999997,
        0.0993432110000001,
        0.07762340199999995,
        0.05958453699999999,
        0.04534524900000003,
        0.03439766199999994,
        0.02609432300000003,
        0.019836238000000006,
        0.015129017000000022,
        0.011585932999999993,
        0.008912814999999963,
        0.006889185999999992,
        0.005351019999999984,
        0.004176646000000006,
        0.00327584000000003,
        0.0025815759999999743,
        0.0020439349999999967,
        0.0016256060000000572,
        0.0012985869999999622,
        0.0010417759999999943,
        0.0008391970000000137,
        0.00067870400000003,
        0.0005510140000000163,
        0.00044900999999997193,
        0.00036719900000004024,
        0.00030133399999998645,
        0.0002481069999999974,
        0.00020494199999998575,
        0.00016981399999993485,
        0.0001411290000000731,
        0.00011763199999992313,
        9.832100000006783e-05,
        8.240500000000761e-05,
        6.924699999999451e-05,
        0.0004040109999999819
    ],
    "A": [
        0,
        0.003482312,
        0.256853692,
        0.452095609,
        0.20887442199999995,
        0.05974082600000008,
        0.014514229999999961,
        0.0033829029999999927,
        0.0007959050000000412,
        0.00019324999999992265,
        6.685100000003441e-05
    ],
    "I": [
        0,
        0.000972053,
        0.026289912999999998,
        0.103243226,
        0.17958971899999998,
        0.20302113300000002,
        0.17641209599999996,
        0.12848259800000006,
        0.08246309900000004,
        0.04813538399999995,
        0.026098317999999954,
        0.01333891900000006,
        0.006496182999999989,
        0.003038981999999968,
        0.0013741190000000625,
        0.0006034790000000179,
        0.0002584259999999228,
        0.00010824799999997747,
        4.4468000000019714e-05,
        1.7953000000070496e-05,
        1.1683999999956285e-05
    ],
    "RNA": [
        0,
        1.254e-06,
        9.9844e-05,
        0.001192283,
        0.005509303,
        0.014794648,
        0.028388246000000002,
        0.043671027,
        0.057697671000000006,
        0.06838230499999998,
        0.07483003599999999,
        0.07712033600000001,
        0.07591586,
        0.07211309500000002,
        0.066607411,
        0.060168039000000006,
        0.05339197200000001,
        0.04670484399999997,
        0.04038470500000002,
        0.034593494,
        0.029407881000000025,
        0.024845662999999907,
        0.020886604000000086,
        0.01748793500000001,
        0.014595319999999967,
        0.01215027099999999,
        0.01009487099999995,
        0.008374607000000034,
        0.006939867000000044,
        0.0057465660000000085,
        0.004756215000000008,
        0.003935651999999901,
        0.0032566060000001062,
        0.0026951569999998926,
        0.002231207000000013,
        0.0018479439999999903,
        0.0015313670000000057,
        0.0012698500000000168,
        0.0010537640000000126,
        0.0008751500000000467,
        0.000727434999999943,
        0.0006052029999999986,
        0.0005039869999999835,
        0.0004201140000000825,
        0.0003505529999999757,
        0.0002928140000000301,
        0.0002448429999999391,
        0.00020494999999998154,
        0.00017174400000008472,
        0.0009294869999999511
    ]
}