{"0": 0.0, "1": 0.03773128563674277, "2": 0.056059654058819075, "3": 0.04415669887486895, "4": 0.03921056084767682, "5": 0.04863108881803424, "6": 0.0719677518893731, "7": 0.08125416583896639, "8": 0.06058693718652419, "9": 0.06471259177409439, "10": 0.08882769000397817, "11": 0.1331221002498184, "12": 0.09256537859004443, "13": 0.10550346782683684, "14": 0.10516068318563021, "15": 0.12460480915724115, "16": 0.11998345410780709, "17": 0.10726146815173732, "18": 0.11742900960932923, "19": 0.11518582022629298, "20": 0.12476022639775852, "21": 0.12754151014402137, "22": 0.13849871115542545, "23": 0.1145355505395459, "24": 0.14003369347855632, "25": 0.1481777140629741, "26": 0.1331221002498184, "27": 0.16691503844719335, "28": 0.16227401612092718, "29": 0.19197145631068646, "30": 0.1568443286797827, "31": 0.14482192505850344, "32": 0.20056038837572387, "33": 0.1730408660566377, "34": 0.20299215438153173, "35": 0.1468669621568306, "36": 0.154494046442069, "37": 0.18426140714180206, "38": 0.19146722272986627, "39": 0.24013264890161135, "40": 0.1601400017688721, "41": 0.26275330469204927, "42": 0.23791571045143567, "43": 0.1636217797040378, "44": 0.16046317914332298, "45": 0.18460419445253706, "46": 0.2050191315317902, "47": 0.19132260565915782, "48": 0.23031974583847126, "49": 0.15403113890762188, "50": 0.23518089871630543, "51": 0.130570209538442, "52": 0.22859517991118306, "53": 0.2757224800257857, "54": 0.24329960160205, "55": 0.25325789784324415, "56": 0.25023840776095874, "57": 0.22674225951680937, "58": 0.20893488914970404, "59": 0.1355790033730513, "60": 0.2542264919086079, "61": 0.16871502166356545, "62": 0.17401318708969793, "63": 0.12625728679931603, "64": 0.17181986189711362, "65": 0.1655249053410428, "66": 0.19044260422863069, "67": 0.27989497456868084, "68": 0.21088412457500894, "69": 0.22119921692859512, "70": 0.21561643943761022, "71": 0.2187917975657535, "72": 0.19017532065792075, "73": 0.15542262014306085, "74": 0.30309843934188785, "75": 0.18233184346722042, "76": 0.1784653772156659, "77": 0.21229873287601386, "78": 0.16054297923079264, "79": 0.136243731367244, "80": 0.1784653772156659, "81": 0.3325263193006093, "82": 0.25990067127608796, "83": 0.24042787677503152, "84": 0.17469313150831767, "85": 0.19832551421416544, "86": 0.2578809574912354, "87": 0.14549481143976017, "88": 0.235316061586199, "89": 0.09678657928666545, "90": 0.2788607868597216, "91": 0.18347904518214153, "92": 0.1551019635616745, "93": 0.13790266475382307, "94": 0.27989497456868084, "95": 0.23302887304428987, "96": 0.1621119240167841, "97": 0.18126924692201818, "98": 0.14606033437646482, "99": 0.1962663895232647, "100": 0.2583297745579922, "101": 0.2154516356645927, "102": 0.21751695056623022, "103": 0.2064926823022193, "104": 0.22354147315462747, "105": 0.17742243760133536, "106": 0.1514099780039132, "107": 0.19113335281791033, "108": 0.18742508813617909, "109": 0.1928822529946107, "110": 0.17726568151559752, "111": 0.20490952284185804, "112": 0.18556703625578996, "113": 0.1662470819248194, "114": 0.16262993826672967, "115": 0.18742508813617909, "116": 0.22598005382148678, "117": 0.18181670979233688, "118": 0.21964005672196574, "119": 0.16854076113119898, "120": 0.18077439607393042, "121": 0.22483676650322404, "122": 0.2999399397672159, "123": 0.20765519391355802, "124": 0.2037548007121872, "125": 0.19962272183669627, "126": 0.14763242398496756, "127": 0.19887567396778238, "128": 0.16490685890811807, "129": 0.17924519170173192, "130": 0.1988428133953375, "131": 0.16302920510075347, "132": 0.1713852927673194, "133": 0.18284221618426522, "134": 0.1820715307902513, "135": 0.15805704021069789, "136": 0.22119921692859512, "137": 0.20781041867671834, "138": 0.1945816463825284, "139": 0.2174699305831037, "140": 0.1952808180826442, "141": 0.20716714662002977, "142": 0.24042787677503152, "143": 0.22884695336549865, "144": 0.2706411027234208, "145": 0.2780550948178222, "146": 0.2968793080747545, "147": 0.3280124920220585, "148": 0.3268811269321228, "149": 0.3547356738145182, "150": 0.38637549483886513, "151": 0.5366306307688247, "152": 0.6321205588285577}
